<annotation>
	<folder>collectedimages</folder>
	<filename>hello.226958e4-8c0c-11f0-adfa-da1d3f63b4f0.jpg</filename>
	<path>C:\Users\ADMIN\Documents\Faz\RealTimeObjectDetection\Tensorflow\workspace\images\collectedimages\hello.226958e4-8c0c-11f0-adfa-da1d3f63b4f0.jpg</path>
	<source>
		<database>Unknown</database>
	</source>
	<size>
		<width>640</width>
		<height>480</height>
		<depth>3</depth>
	</size>
	<segmented>0</segmented>
	<object>
		<name>hello</name>
		<pose>Unspecified</pose>
		<truncated>0</truncated>
		<difficult>0</difficult>
		<bndbox>
			<xmin>301</xmin>
			<ymin>35</ymin>
			<xmax>628</xmax>
			<ymax>450</ymax>
		</bndbox>
	</object>
</annotation>
