<annotation>
	<folder>collectedimages</folder>
	<filename>iloveyou.8edf0abd-8c0c-11f0-9ea5-da1d3f63b4f0.jpg</filename>
	<path>C:\Users\ADMIN\Documents\Faz\RealTimeObjectDetection\Tensorflow\workspace\images\collectedimages\iloveyou.8edf0abd-8c0c-11f0-9ea5-da1d3f63b4f0.jpg</path>
	<source>
		<database>Unknown</database>
	</source>
	<size>
		<width>640</width>
		<height>480</height>
		<depth>3</depth>
	</size>
	<segmented>0</segmented>
	<object>
		<name>I Love You</name>
		<pose>Unspecified</pose>
		<truncated>1</truncated>
		<difficult>0</difficult>
		<bndbox>
			<xmin>303</xmin>
			<ymin>146</ymin>
			<xmax>632</xmax>
			<ymax>480</ymax>
		</bndbox>
	</object>
</annotation>
