<annotation>
	<folder>collectedimages</folder>
	<filename>iloveyou.8dac6e5d-8c0c-11f0-9db4-da1d3f63b4f0.jpg</filename>
	<path>C:\Users\ADMIN\Documents\Faz\RealTimeObjectDetection\Tensorflow\workspace\images\collectedimages\iloveyou.8dac6e5d-8c0c-11f0-9db4-da1d3f63b4f0.jpg</path>
	<source>
		<database>Unknown</database>
	</source>
	<size>
		<width>640</width>
		<height>480</height>
		<depth>3</depth>
	</size>
	<segmented>0</segmented>
	<object>
		<name>I Love You</name>
		<pose>Unspecified</pose>
		<truncated>0</truncated>
		<difficult>0</difficult>
		<bndbox>
			<xmin>311</xmin>
			<ymin>154</ymin>
			<xmax>632</xmax>
			<ymax>478</ymax>
		</bndbox>
	</object>
</annotation>
