<annotation>
	<folder>collectedimages</folder>
	<filename>iloveyou.87a6c46c-8c0c-11f0-b51a-da1d3f63b4f0.jpg</filename>
	<path>C:\Users\ADMIN\Documents\Faz\RealTimeObjectDetection\Tensorflow\workspace\images\collectedimages\iloveyou.87a6c46c-8c0c-11f0-b51a-da1d3f63b4f0.jpg</path>
	<source>
		<database>Unknown</database>
	</source>
	<size>
		<width>640</width>
		<height>480</height>
		<depth>3</depth>
	</size>
	<segmented>0</segmented>
	<object>
		<name>I Love You</name>
		<pose>Unspecified</pose>
		<truncated>0</truncated>
		<difficult>0</difficult>
		<bndbox>
			<xmin>265</xmin>
			<ymin>176</ymin>
			<xmax>551</xmax>
			<ymax>475</ymax>
		</bndbox>
	</object>
</annotation>
