<annotation>
	<folder>collectedimages</folder>
	<filename>iloveyou.93a98036-8c0c-11f0-bdae-da1d3f63b4f0.jpg</filename>
	<path>C:\Users\ADMIN\Documents\Faz\RealTimeObjectDetection\Tensorflow\workspace\images\collectedimages\iloveyou.93a98036-8c0c-11f0-bdae-da1d3f63b4f0.jpg</path>
	<source>
		<database>Unknown</database>
	</source>
	<size>
		<width>640</width>
		<height>480</height>
		<depth>3</depth>
	</size>
	<segmented>0</segmented>
	<object>
		<name>I Love You</name>
		<pose>Unspecified</pose>
		<truncated>0</truncated>
		<difficult>0</difficult>
		<bndbox>
			<xmin>227</xmin>
			<ymin>184</ymin>
			<xmax>423</xmax>
			<ymax>444</ymax>
		</bndbox>
	</object>
</annotation>
