<annotation>
	<folder>collectedimages</folder>
	<filename>no.6c91ed5a-8c0c-11f0-bfdc-da1d3f63b4f0.jpg</filename>
	<path>C:\Users\ADMIN\Documents\Faz\RealTimeObjectDetection\Tensorflow\workspace\images\collectedimages\no.6c91ed5a-8c0c-11f0-bfdc-da1d3f63b4f0.jpg</path>
	<source>
		<database>Unknown</database>
	</source>
	<size>
		<width>640</width>
		<height>480</height>
		<depth>3</depth>
	</size>
	<segmented>0</segmented>
	<object>
		<name>No</name>
		<pose>Unspecified</pose>
		<truncated>0</truncated>
		<difficult>0</difficult>
		<bndbox>
			<xmin>128</xmin>
			<ymin>178</ymin>
			<xmax>472</xmax>
			<ymax>401</ymax>
		</bndbox>
	</object>
</annotation>
