<annotation>
	<folder>collectedimages</folder>
	<filename>no.6dc49245-8c0c-11f0-abde-da1d3f63b4f0.jpg</filename>
	<path>C:\Users\ADMIN\Documents\Faz\RealTimeObjectDetection\Tensorflow\workspace\images\collectedimages\no.6dc49245-8c0c-11f0-abde-da1d3f63b4f0.jpg</path>
	<source>
		<database>Unknown</database>
	</source>
	<size>
		<width>640</width>
		<height>480</height>
		<depth>3</depth>
	</size>
	<segmented>0</segmented>
	<object>
		<name>No</name>
		<pose>Unspecified</pose>
		<truncated>0</truncated>
		<difficult>0</difficult>
		<bndbox>
			<xmin>155</xmin>
			<ymin>192</ymin>
			<xmax>471</xmax>
			<ymax>411</ymax>
		</bndbox>
	</object>
</annotation>
