<annotation>
	<folder>collectedimages</folder>
	<filename>no.715c9370-8c0c-11f0-84e1-da1d3f63b4f0.jpg</filename>
	<path>C:\Users\ADMIN\Documents\Faz\RealTimeObjectDetection\Tensorflow\workspace\images\collectedimages\no.715c9370-8c0c-11f0-84e1-da1d3f63b4f0.jpg</path>
	<source>
		<database>Unknown</database>
	</source>
	<size>
		<width>640</width>
		<height>480</height>
		<depth>3</depth>
	</size>
	<segmented>0</segmented>
	<object>
		<name>No</name>
		<pose>Unspecified</pose>
		<truncated>1</truncated>
		<difficult>0</difficult>
		<bndbox>
			<xmin>396</xmin>
			<ymin>181</ymin>
			<xmax>640</xmax>
			<ymax>477</ymax>
		</bndbox>
	</object>
</annotation>
