<annotation>
	<folder>collectedimages</folder>
	<filename>thanks.3e2e003b-8c0c-11f0-96b5-da1d3f63b4f0.jpg</filename>
	<path>C:\Users\ADMIN\Documents\Faz\RealTimeObjectDetection\Tensorflow\workspace\images\collectedimages\thanks.3e2e003b-8c0c-11f0-96b5-da1d3f63b4f0.jpg</path>
	<source>
		<database>Unknown</database>
	</source>
	<size>
		<width>640</width>
		<height>480</height>
		<depth>3</depth>
	</size>
	<segmented>0</segmented>
	<object>
		<name>Thanks</name>
		<pose>Unspecified</pose>
		<truncated>1</truncated>
		<difficult>0</difficult>
		<bndbox>
			<xmin>155</xmin>
			<ymin>191</ymin>
			<xmax>621</xmax>
			<ymax>480</ymax>
		</bndbox>
	</object>
</annotation>
