<annotation>
	<folder>collectedimages</folder>
	<filename>thanks.3cfb3c45-8c0c-11f0-92f5-da1d3f63b4f0.jpg</filename>
	<path>C:\Users\ADMIN\Documents\Faz\RealTimeObjectDetection\Tensorflow\workspace\images\collectedimages\thanks.3cfb3c45-8c0c-11f0-92f5-da1d3f63b4f0.jpg</path>
	<source>
		<database>Unknown</database>
	</source>
	<size>
		<width>640</width>
		<height>480</height>
		<depth>3</depth>
	</size>
	<segmented>0</segmented>
	<object>
		<name>Thanks</name>
		<pose>Unspecified</pose>
		<truncated>0</truncated>
		<difficult>0</difficult>
		<bndbox>
			<xmin>158</xmin>
			<ymin>212</ymin>
			<xmax>632</xmax>
			<ymax>473</ymax>
		</bndbox>
	</object>
</annotation>
