<annotation>
	<folder>collectedimages</folder>
	<filename>yes.510e6a58-8c0c-11f0-ba61-da1d3f63b4f0.jpg</filename>
	<path>C:\Users\ADMIN\Documents\Faz\RealTimeObjectDetection\Tensorflow\workspace\images\collectedimages\yes.510e6a58-8c0c-11f0-ba61-da1d3f63b4f0.jpg</path>
	<source>
		<database>Unknown</database>
	</source>
	<size>
		<width>640</width>
		<height>480</height>
		<depth>3</depth>
	</size>
	<segmented>0</segmented>
	<object>
		<name>Yes</name>
		<pose>Unspecified</pose>
		<truncated>0</truncated>
		<difficult>0</difficult>
		<bndbox>
			<xmin>190</xmin>
			<ymin>119</ymin>
			<xmax>535</xmax>
			<ymax>318</ymax>
		</bndbox>
	</object>
</annotation>
