<annotation>
	<folder>collectedimages</folder>
	<filename>yes.52412e4b-8c0c-11f0-9e21-da1d3f63b4f0.jpg</filename>
	<path>C:\Users\ADMIN\Documents\Faz\RealTimeObjectDetection\Tensorflow\workspace\images\collectedimages\yes.52412e4b-8c0c-11f0-9e21-da1d3f63b4f0.jpg</path>
	<source>
		<database>Unknown</database>
	</source>
	<size>
		<width>640</width>
		<height>480</height>
		<depth>3</depth>
	</size>
	<segmented>0</segmented>
	<object>
		<name>Yes</name>
		<pose>Unspecified</pose>
		<truncated>0</truncated>
		<difficult>0</difficult>
		<bndbox>
			<xmin>235</xmin>
			<ymin>142</ymin>
			<xmax>526</xmax>
			<ymax>339</ymax>
		</bndbox>
	</object>
</annotation>
